building_name,MAE
Adamstown 132_11kV,0.02731810314589677
Argenton 132_11kV,0.02908973662544034
Aberdeen 66_11kV,0.03295219496473352
